YUU2985,2008-01-06,renuka.k
ss1122,2008-01-06,renuka.k
YUU8664,2008-01-06,renuka.k
ZYX4056,2008-01-06,renuka.k
XSR9885,2008-01-06,renuka.k
WXT8133,2008-01-06,renuka.k
kasram,2008-01-07,renuka.k
XUU8355,2008-01-07,renuka.k
ZTZ9517,2008-01-06,renuka.k
YTZ2464,2008-01-07,renuka.k
XVA0918,2008-01-07,renuka.k
WYU6138,2008-01-07,renuka.k
WYY1509,2008-01-07,renuka.k
ZWA1690,2008-01-08,renuka.k
YAZ3870,2008-01-08,renuka.k
XXS1670,2008-01-08,renuka.k
CGS,2008-01-08,renuka.k
SR5798,2008-01-08,renuka.k
WXS8444,2008-01-07,renuka.k
XSS6176,2008-01-09,renuka.k
SZ6128,2008-01-09,renuka.k
YXS2632,2008-01-09,renuka.k
WXS8498,2008-01-09,renuka.k
