Software Professional, Project Manager - IT|Software Professional
Advertising Professional, Marketing Professional|Advertising Professional
Corporate Planning Professional, Consultant|Corporate Planning Professional
Architect, Interior Designer|Architect
Businessperson, Self Employed|Businessperson
Fashion Designer, Actor/Model|Fashion Designer
Journalist, Media Professional|Journalist
Fitness Professional, Sportsperson|Fitness Professional
Police, Security Professional|Security Professional
Doctor, Nurse, Healthcare Professional|Doctor
Engineer - Non IT, Research Professional, Scientist|Engineer - Non IT
Project Manager - IT, Project Manager - Non IT|Project Manager - IT
Teacher, Professor/Lecturer, Education Professional|Teacher
Beautician, Fitness Professional|Beautician
